<?xml version="1.0" encoding="UTF-8"?>
<!-- Outputs that have reached a particular citation threshold in the Data Universe -->

<CERIF xmlns="urn:xmlns:org:eurocris:cerif-1.6-2" xsi:schemaLocation="urn:xmlns:org:eurocris:cerif-1.6-2 http://www.eurocris.org/Uploads/Web%20pages/CERIF-1.6/CERIF_1.6_2.xsd" xmlns:xsi="http://www.w3.org/2001/XMLSchema-instance" date="2014-06-07" sourceDatabase="Examples">

<!-- Submitting Institution -->
<cfOrgUnit>
	<cfOrgUnitId>1</cfOrgUnitId>
	<cfName cfLangCode="en" cfTrans="o">Institution 1</cfName>
	<cfOrgUnit_Class>
		<cfClassId>snowball:institution-uuid</cfClassId>
		<cfClassSchemeId>snowball-uk-denominator-institutions-scheme-uuid</cfClassSchemeId>
	</cfOrgUnit_Class> 		
</cfOrgUnit>

<cfMeas>
	<cfMeasId>1ot5p07-08</cfMeasId>
	<cfValFloatP>150</cfValFloatP>
	<cfName cfLangCode="en" cfTrans="o">Number of Outputs in the Top 1% by Citation Count</cfName>	
	<cfMeas_Class>
		<cfClassId>snowball:3-year-block-uuid</cfClassId>
		<cfClassSchemeId>snowball:time-uuid</cfClassSchemeId>
		<cfStartDate>2008-01-01T00:00:00</cfStartDate>
		<cfEndDate>2011-12-31T00:00:00</cfEndDate>		
	</cfMeas_Class>
	<cfMeas_Class>
		<cfClassId>hesa-cost-centre:101-uuid<!-- Clinical Medicine --></cfClassId>
		<cfClassSchemeId>snowball-uk-denominator-hesa-cost-centres-scheme-uuid</cfClassSchemeId>
	</cfMeas_Class>	
	<cfIndic_Meas>
		<cfIndicId>snowball-indicator-3.5.1.1-uuid<!-- Number of Outputs in the Top 1% by Citation Count --></cfIndicId>
		<cfClassId>eda28bc2-34c5-11e1-b86c-0800200c9a66<!-- Relation --></cfClassId>
		<cfClassSchemeId>cerif:indicator-measurement-relations-uuid</cfClassSchemeId>
		<cfStartDate>2008-01-01T00:00:00</cfStartDate>
		<cfEndDate>2008-12-31T00:00:00</cfEndDate>			
	</cfIndic_Meas>	
	<cfSrv_Meas>
		<cfSrvId>1</cfSrvId>
			<cfClassId>snowball:cris-uuid</cfClassId>
			<cfClassSchemeId>snowball:data-sources-uuid</cfClassSchemeId>
		<cfStartDate>2014-03-11T00:00:00</cfStartDate>
		<cfEndDate>2014-03-11T00:00:00</cfEndDate>			
	</cfSrv_Meas>		
</cfMeas>

<cfMeas>
	<cfMeasId>1ot5pf07-08</cfMeasId>
	<cfValFloatP>150</cfValFloatP>
	<cfName cfLangCode="en" cfTrans="o">Number of outputs in the Top 1% by Citation Count per FTE</cfName>	
	<cfMeas_Class>
		<cfClassId>snowball:3-year-block-uuid</cfClassId>
		<cfClassSchemeId>snowball:time-uuid</cfClassSchemeId>
		<cfStartDate>2008-01-01T00:00:00</cfStartDate>
		<cfEndDate>2011-12-31T00:00:00</cfEndDate>		
	</cfMeas_Class>
	<cfMeas_Class>
		<cfClassId>hesa-cost-centre:101-uuid<!-- Clinical Medicine --></cfClassId>
		<cfClassSchemeId>snowball-uk-denominator-hesa-cost-centres-scheme-uuid</cfClassSchemeId>
	</cfMeas_Class>	
	<cfIndic_Meas>
		<cfIndicId>snowball-indicator-3.5.1.3-uuid<!-- Number of outputs in the Top 1% by Citation Count per FTE --></cfIndicId>
		<cfClassId>eda28bc2-34c5-11e1-b86c-0800200c9a66<!-- Relation --></cfClassId>
		<cfClassSchemeId>cerif:indicator-measurement-relations-uuid</cfClassSchemeId>
		<cfStartDate>2008-01-01T00:00:00</cfStartDate>
		<cfEndDate>2008-12-31T00:00:00</cfEndDate>			
	</cfIndic_Meas>	
	<cfSrv_Meas>
		<cfSrvId>1</cfSrvId>
			<cfClassId>snowball:cris-uuid</cfClassId>
			<cfClassSchemeId>snowball:data-sources-uuid</cfClassSchemeId>
		<cfStartDate>2014-03-11T00:00:00</cfStartDate>
		<cfEndDate>2014-03-11T00:00:00</cfEndDate>			
	</cfSrv_Meas>		
</cfMeas>

<!-- Anticipating Snowball vocabulary is available w/ submission system, i.e. uuid validation at submission. -->
</CERIF>