<?xml version="1.0" encoding="UTF-8"?>
<!-- Volume of Research Grant Applications submitted to external Funding Body -->

<CERIF xmlns="urn:xmlns:org:eurocris:cerif-1.6-2" xsi:schemaLocation="urn:xmlns:org:eurocris:cerif-1.6-2 http://www.eurocris.org/Uploads/Web%20pages/CERIF-1.6/CERIF_1.6_2.xsd" xmlns:xsi="http://www.w3.org/2001/XMLSchema-instance" date="2014-06-07" sourceDatabase="Examples">

<!-- Submitting Institution -->
<cfOrgUnit>
	<cfOrgUnitId>2</cfOrgUnitId>
	<cfName cfLangCode="en" cfTrans="o">Institution 2</cfName>
	<cfOrgUnit_Class>
		<cfClassId>snowball:institution-uuid</cfClassId>
		<cfClassSchemeId>snowball-uk-denominator-institutions-scheme-uuid</cfClassSchemeId>
	</cfOrgUnit_Class> 		
</cfOrgUnit>

<cfMeas>
	<cfMeasId>2py07-08</cfMeasId>
	<cfValFloatP>14.2</cfValFloatP>
	<cfName cfLangCode="en" cfTrans="o">Price of Applications per Year</cfName>
	<cfMeas_Class>
		<cfClassId>iso:gbp-uuid</cfClassId>
		<cfClassSchemeId>iso:currency-codes</cfClassSchemeId>
	</cfMeas_Class>
	<cfMeas_Class>
		<cfClassId>snowball:financial-year-uuid</cfClassId>
		<cfClassSchemeId>snowball:time-uuid</cfClassSchemeId>
		<cfStartDate>2008-01-01T00:00:00</cfStartDate>
		<cfEndDate>2008-03-31T00:00:00</cfEndDate>		
	</cfMeas_Class>
	<cfMeas_Class>
		<cfClassId>snowball-funder-type:uk-charity-uuid</cfClassId>
		<cfClassSchemeId>snowball-uk-denominator-funder-types-scheme-uuid</cfClassSchemeId>
	</cfMeas_Class>
	<cfMeas_Class>
		<cfClassId>hesa-cost-centre:114-uuid<!-- Physics --></cfClassId>
		<cfClassSchemeId>snowball-uk-denominator-hesa-cost-centres-scheme-uuid</cfClassSchemeId>
	</cfMeas_Class>
	<cfIndic_Meas>
		<cfIndicId>snowball-indicator-1.1.3-uuid<!-- Price of Applications --></cfIndicId>
		<cfClassId>eda28bc2-34c5-11e1-b86c-0800200c9a66<!-- Relation --></cfClassId>
		<cfClassSchemeId>cerif:indicator-measurement-relations-uuid</cfClassSchemeId>
		<cfStartDate>2008-01-01T00:00:00</cfStartDate>
		<cfEndDate>2008-12-31T00:00:00</cfEndDate>			
	</cfIndic_Meas>	
	<cfSrv_Meas>
		<cfSrvId>1</cfSrvId>
			<cfClassId>snowball:cris-uuid</cfClassId>
			<cfClassSchemeId>snowball:data-sources-uuid</cfClassSchemeId>
		<cfStartDate>2014-03-11T00:00:00</cfStartDate>
		<cfEndDate>2014-03-11T00:00:00</cfEndDate>			
	</cfSrv_Meas>	
</cfMeas>

<cfMeas>
	<cfMeasId>2pq07-08</cfMeasId>
	<cfValFloatP>10.7</cfValFloatP>
	<cfName cfLangCode="en" cfTrans="o">Price of Applications per FTE per Quarter</cfName>
	<cfMeas_Class>
		<cfClassId>iso:gbp-uuid</cfClassId>
		<cfClassSchemeId>iso:currency-code-uuid</cfClassSchemeId>
	</cfMeas_Class>
	<cfMeas_Class>
		<cfClassId>snowball:quarter-uuid</cfClassId>
		<cfClassSchemeId>snowball:time-uuid</cfClassSchemeId>
		<cfStartDate>2008-01-01T00:00:00</cfStartDate>
		<cfEndDate>2008-03-31T00:00:00</cfEndDate>	
	</cfMeas_Class>
	<cfMeas_Class>
		<cfClassId>snowball-funder-type:uk-charity-uuid</cfClassId>
		<cfClassSchemeId>snowball-uk-denominator-funder-types-scheme-uuid</cfClassSchemeId>
	</cfMeas_Class>
	<cfMeas_Class>
		<cfClassId>hesa-cost-centre:114-uuid<!-- Physics --></cfClassId>
		<cfClassSchemeId>snowball-uk-denominator-hesa-cost-centres-scheme-uuid</cfClassSchemeId>
	</cfMeas_Class>
	<cfIndic_Meas>
		<cfIndicId>snowball-indicator-1.1.4-uuid<!-- Price of Applications per FTE--></cfIndicId>
		<cfClassId>eda28bc2-34c5-11e1-b86c-0800200c9a66<!-- Relation --></cfClassId>
		<cfClassSchemeId>cerif:indicator-measurement-relations-uuid</cfClassSchemeId>
		<cfStartDate>2008-01-01T00:00:00</cfStartDate>
		<cfEndDate>2008-03-31T00:00:00</cfEndDate>		
	</cfIndic_Meas>
	<cfSrv_Meas>
		<cfSrvId>2</cfSrvId>
		<cfClassId>snowball:cris-uuid</cfClassId>
		<cfClassSchemeId>snowball:data-sources-uuid</cfClassSchemeId>
		<cfStartDate>2008-01-01T00:00:00</cfStartDate>
		<cfEndDate>2008-03-31T00:00:00</cfEndDate>
	</cfSrv_Meas>
</cfMeas>

<cfMeas>
	<cfMeasId>2cy07-08</cfMeasId>
	<cfCountInt>100</cfCountInt>
	<cfName cfLangCode="en" cfTrans="o">Count of Applications per Year</cfName>
	<cfMeas_Class>
		<cfClassId>snowball:calendar-year-uuid</cfClassId>
		<cfClassSchemeId>snowball:time-uuid</cfClassSchemeId>
		<cfStartDate>2008-01-01T00:00:00</cfStartDate>
		<cfEndDate>2008-03-31T00:00:00</cfEndDate>		
	</cfMeas_Class>
	<cfMeas_Class>
		<cfClassId>snowball-funder-type:uk-charity-uuid</cfClassId>
		<cfClassSchemeId>snowball-uk-denominator-funder-types-scheme-uuid</cfClassSchemeId>
	</cfMeas_Class>
	<cfMeas_Class>
		<cfClassId>snowball-funder-type:mrc-uuid</cfClassId>
		<cfClassSchemeId>snowball-uk-denominator-funder-types-scheme-uuid</cfClassSchemeId>
	</cfMeas_Class>
	<cfMeas_Class>
		<cfClassId>hesa-cost-centre:112-uuid<!-- Mathematics --></cfClassId>
		<cfClassSchemeId>snowball-uk-denominator-hesa-cost-centres-scheme-uuid</cfClassSchemeId>
	</cfMeas_Class>	
	<cfIndic_Meas>
		<cfIndicId>snowball-indicator-1.1.1-uuid<!-- Count of Applications --></cfIndicId>
		<cfClassId>eda28bc2-34c5-11e1-b86c-0800200c9a66<!-- Relation --></cfClassId>
		<cfClassSchemeId>cerif:indicator-measurement-relations-uuid</cfClassSchemeId>
		<cfStartDate>2008-01-01T00:00:00</cfStartDate>
		<cfEndDate>2008-03-31T00:00:00</cfEndDate>			
	</cfIndic_Meas>	
	<cfSrv_Meas>
		<cfSrvId>1</cfSrvId>
		<cfClassId>snowball:ir-uuid</cfClassId>
		<cfClassSchemeId>snowball:data-sources-uuid</cfClassSchemeId>
		<cfStartDate>2008-01-01T00:00:00</cfStartDate>
		<cfEndDate>2008-03-31T00:00:00</cfEndDate>
	</cfSrv_Meas>					
</cfMeas>

<cfMeas>
	<cfMeasId>2pf08-09</cfMeasId>
	<cfValFloatP>43.1</cfValFloatP>
	<cfName cfLangCode="en" cfTrans="o">Price of Applications per FTE per Year</cfName>
	<cfMeas_Class>
		<cfClassId>iso:gbp-uuid</cfClassId>
		<cfClassSchemeId>iso:currency-code-uuid</cfClassSchemeId>
	</cfMeas_Class>
	<cfMeas_Class>
		<cfClassId>snowball:calendar-year-uuid</cfClassId>
		<cfClassSchemeId>snowball:time-uuid</cfClassSchemeId>
		<cfStartDate>2008-01-01T00:00:00</cfStartDate>
		<cfEndDate>2008-12-31T00:00:00</cfEndDate>		
	</cfMeas_Class>
	<cfMeas_Class>
		<cfClassId>snowball-funder-type:mrc-uuid</cfClassId>
		<cfClassSchemeId>snowball-uk-denominator-funder-types-scheme-uuid</cfClassSchemeId>
	</cfMeas_Class>
	<cfMeas_Class>
		<cfClassId>hesa-cost-centre:112-uuid<!-- Mathematics --></cfClassId>
		<cfClassSchemeId>snowball-uk-denominator-hesa-cost-centres-scheme-uuid</cfClassSchemeId>
	</cfMeas_Class>
	<cfIndic_Meas>
		<cfIndicId>snowball-indicator-1.1.4-uuid<!-- Price of Applications per FTE --></cfIndicId>
		<cfClassId>eda28bc2-34c5-11e1-b86c-0800200c9a66<!-- Relation --></cfClassId>
		<cfClassSchemeId>cerif:indicator-measurement-relations-uuid</cfClassSchemeId>
		<cfStartDate>2008-01-01T00:00:00</cfStartDate>
		<cfEndDate>2008-12-31T00:00:00</cfEndDate>	
	</cfIndic_Meas>	
	<cfSrv_Meas>
		<cfSrvId>2</cfSrvId>
		<cfClassId>snowball:cris-uuid</cfClassId>
		<cfClassSchemeId>snowball:data-sources-uuid</cfClassSchemeId>
		<cfStartDate>2008-01-01T00:00:00</cfStartDate>
		<cfEndDate>2008-12-31T00:00:00</cfEndDate>
	</cfSrv_Meas>		
</cfMeas>

<cfMeas>
	<cfMeasId>2cf08-09</cfMeasId>
	<cfValFloatP>2.1</cfValFloatP>
	<cfName cfLangCode="en" cfTrans="o">Count of Applications per FTE per Quarter</cfName>
	<cfMeas_Class>
		<cfClassId>snowball:quarter-uuid</cfClassId>
		<cfClassSchemeId>snowball:time-uuid</cfClassSchemeId>
		<cfStartDate>2008-01-01T00:00:00</cfStartDate>
		<cfEndDate>2008-03-31T00:00:00</cfEndDate>	
	</cfMeas_Class>
	<cfMeas_Class>
		<cfClassId>snowball-funder-type:uk-charity-uuid</cfClassId>
		<cfClassSchemeId>snowball-uk-denominator-funder-types-scheme-uuid</cfClassSchemeId>
	</cfMeas_Class>
	<cfMeas_Class>
		<cfClassId>hesa-cost-centre:101-uuid<!-- Clinical Medicine --></cfClassId>
		<cfClassSchemeId>snowball-uk-denominator-hesa-cost-centres-scheme-uuid</cfClassSchemeId>
	</cfMeas_Class>
	<cfIndic_Meas>
		<cfIndicId>snowball-indicator-1.1.2-uuid<!-- Count of Applications per FTE--></cfIndicId>
		<cfClassId>eda28bc2-34c5-11e1-b86c-0800200c9a66<!-- Relation --></cfClassId>
		<cfClassSchemeId>cerif:indicator-measurement-relations-uuid</cfClassSchemeId>
		<cfStartDate>2008-01-01T00:00:00</cfStartDate>
		<cfEndDate>2008-03-31T00:00:00</cfEndDate>		
	</cfIndic_Meas>	
	<cfSrv_Meas>
		<cfSrvId>2</cfSrvId>
		<cfClassId>snowball:cris-uuid</cfClassId>
		<cfClassSchemeId>snowball:data-sources-uuid</cfClassSchemeId>
		<cfStartDate>2008-01-01T00:00:00</cfStartDate>
		<cfEndDate>2008-03-31T00:00:00</cfEndDate>
	</cfSrv_Meas>		
</cfMeas>

<!-- Anticipating Snowball vocabulary is available w/ submission system, i.e. uuid validation at submission. -->
</CERIF>