<?xml version="1.0" encoding="UTF-8"?>
<CERIF xmlns="urn:xmlns:org:eurocris:cerif-1.6-2" xmlns:xsi="http://www.w3.org/2001/XMLSchema-instance" xsi:schemaLocation="urn:xmlns:org:eurocris:cerif-1.6-2 http://www.eurocris.org/Uploads/Web%20pages/CERIF-1.6/CERIF_1.6_2.xsd" date="2014-06-16" sourceDatabase="Snowball Metrics hierarchy">

  <cfIndic>
    <cfIndicId>c1c53903-c42c-4fcb-bd4e-d51f6c677c50<!-- Snowball Metrics --></cfIndicId>
    <cfName cfLangCode="en" cfTrans="o">Snowball Metrics</cfName>
  </cfIndic>

  <cfIndic>
    <cfIndicId>e15fdc10-9b81-4817-9789-309fbd46466e<!-- Input Metrics --></cfIndicId>
    <cfName cfLangCode="en" cfTrans="o">Input Metrics</cfName>
    <cfIndic_Indic>
      <cfIndicId2>c1c53903-c42c-4fcb-bd4e-d51f6c677c50<!-- Snowball Metrics --></cfIndicId2>
      <cfClassId>e162e115-6636-4f7f-b637-5b90c480fb0b<!-- Specialization --></cfClassId>
      <cfClassSchemeId>065bd11e-0f80-4a5e-a695-54bed2e255a5<!-- Mereotopological Structure --></cfClassSchemeId>
    </cfIndic_Indic>
  </cfIndic>

  <cfIndic>
    <cfIndicId>cfbc3e80-c7e5-40ae-abdf-d1049fdf3296<!-- Applications Volume --></cfIndicId>
    <cfName cfLangCode="en" cfTrans="o">Applications Volume</cfName>
    <cfDescr cfLangCode="en" cfTrans="o">Applications Volume calculates the number and price of research grant applications that are submitted to external funding bodies.</cfDescr>
    <cfIndic_Indic>
      <cfIndicId2>e15fdc10-9b81-4817-9789-309fbd46466e<!-- Input Metrics --></cfIndicId2>
      <cfClassId>e162e115-6636-4f7f-b637-5b90c480fb0b<!-- Specialization --></cfClassId>
      <cfClassSchemeId>065bd11e-0f80-4a5e-a695-54bed2e255a5<!-- Mereotopological Structure --></cfClassSchemeId>
    </cfIndic_Indic>
  </cfIndic>

  <cfIndic>
    <cfIndicId>325463b9-e785-4caf-ad47-60024dbec2bb<!-- Count of applications --></cfIndicId>
    <cfName cfLangCode="en" cfTrans="o">Count of applications</cfName>
    <cfIndic_Indic>
      <cfIndicId2>cfbc3e80-c7e5-40ae-abdf-d1049fdf3296<!-- Applications Volume --></cfIndicId2>
      <cfClassId>e162e115-6636-4f7f-b637-5b90c480fb0b<!-- Specialization --></cfClassId>
      <cfClassSchemeId>065bd11e-0f80-4a5e-a695-54bed2e255a5<!-- Mereotopological Structure --></cfClassSchemeId>
    </cfIndic_Indic>
  </cfIndic>

  <cfIndic>
    <cfIndicId>1f262639-652e-4df8-bbbb-0d93f65af4e4<!-- Count of applications per FTE --></cfIndicId>
    <cfName cfLangCode="en" cfTrans="o">Count of applications per FTE</cfName>
    <cfIndic_Indic>
      <cfIndicId2>325463b9-e785-4caf-ad47-60024dbec2bb<!-- Count of applications --></cfIndicId2>
      <cfClassId>e162e115-6636-4f7f-b637-5b90c480fb0b<!-- Specialization --></cfClassId>
      <cfClassSchemeId>065bd11e-0f80-4a5e-a695-54bed2e255a5<!-- Mereotopological Structure --></cfClassSchemeId>
    </cfIndic_Indic>
  </cfIndic>

  <cfIndic>
    <cfIndicId>295b1cc4-e12d-4b6c-93c9-eab3e0389451<!-- Price of applications --></cfIndicId>
    <cfName cfLangCode="en" cfTrans="o">Price of applications</cfName>
    <cfIndic_Indic>
      <cfIndicId2>325463b9-e785-4caf-ad47-60024dbec2bb<!-- Count of applications --></cfIndicId2>
      <cfClassId>e162e115-6636-4f7f-b637-5b90c480fb0b<!-- Specialization --></cfClassId>
      <cfClassSchemeId>065bd11e-0f80-4a5e-a695-54bed2e255a5<!-- Mereotopological Structure --></cfClassSchemeId>
    </cfIndic_Indic>
  </cfIndic>

  <cfIndic>
    <cfIndicId>c337cf3b-4e4f-4c78-8dce-88979d661968<!-- Price of applications per FTE --></cfIndicId>
    <cfName cfLangCode="en" cfTrans="o">Price of applications per FTE</cfName>
    <cfIndic_Indic>
      <cfIndicId2>325463b9-e785-4caf-ad47-60024dbec2bb<!-- Count of applications --></cfIndicId2>
      <cfClassId>e162e115-6636-4f7f-b637-5b90c480fb0b<!-- Specialization --></cfClassId>
      <cfClassSchemeId>065bd11e-0f80-4a5e-a695-54bed2e255a5<!-- Mereotopological Structure --></cfClassSchemeId>
    </cfIndic_Indic>
  </cfIndic>

  <cfIndic>
    <cfIndicId>00efc77b-c418-4011-ba3d-ec2ac7768bce<!-- Awards Volume --></cfIndicId>
    <cfName cfLangCode="en" cfTrans="o">Awards Volume</cfName>
    <cfDescr cfLangCode="en" cfTrans="o">Awards Volume calculates the number and value of awards from external funding bodies.</cfDescr>
    <cfIndic_Indic>
      <cfIndicId2>cfbc3e80-c7e5-40ae-abdf-d1049fdf3296<!-- Applications Volume --></cfIndicId2>
      <cfClassId>e162e115-6636-4f7f-b637-5b90c480fb0b<!-- Specialization --></cfClassId>
      <cfClassSchemeId>065bd11e-0f80-4a5e-a695-54bed2e255a5<!-- Mereotopological Structure --></cfClassSchemeId>
    </cfIndic_Indic>
  </cfIndic>

  <cfIndic>
    <cfIndicId>8a3ec96c-3f61-4c1d-8ec5-0c3ec4637e24<!-- Count of awards --></cfIndicId>
    <cfName cfLangCode="en" cfTrans="o">Count of awards</cfName>
    <cfIndic_Indic>
      <cfIndicId2>00efc77b-c418-4011-ba3d-ec2ac7768bce<!-- Awards Volume --></cfIndicId2>
      <cfClassId>e162e115-6636-4f7f-b637-5b90c480fb0b<!-- Specialization --></cfClassId>
      <cfClassSchemeId>065bd11e-0f80-4a5e-a695-54bed2e255a5<!-- Mereotopological Structure --></cfClassSchemeId>
    </cfIndic_Indic>
  </cfIndic>

  <cfIndic>
    <cfIndicId>3e572323-7c97-45b2-a1df-45bf7972b757<!-- Count of awards per FTE --></cfIndicId>
    <cfName cfLangCode="en" cfTrans="o">Count of awards per FTE</cfName>
    <cfIndic_Indic>
      <cfIndicId2>00efc77b-c418-4011-ba3d-ec2ac7768bce<!-- Awards Volume --></cfIndicId2>
      <cfClassId>e162e115-6636-4f7f-b637-5b90c480fb0b<!-- Specialization --></cfClassId>
      <cfClassSchemeId>065bd11e-0f80-4a5e-a695-54bed2e255a5<!-- Mereotopological Structure --></cfClassSchemeId>
    </cfIndic_Indic>
  </cfIndic>

  <cfIndic>
    <cfIndicId>b03281c3-3952-4140-9fa7-e9ece50c0a64<!-- Value of awards --></cfIndicId>
    <cfName cfLangCode="en" cfTrans="o">Value of awards</cfName>
    <cfIndic_Indic>
      <cfIndicId2>00efc77b-c418-4011-ba3d-ec2ac7768bce<!-- Awards Volume --></cfIndicId2>
      <cfClassId>e162e115-6636-4f7f-b637-5b90c480fb0b<!-- Specialization --></cfClassId>
      <cfClassSchemeId>065bd11e-0f80-4a5e-a695-54bed2e255a5<!-- Mereotopological Structure --></cfClassSchemeId>
    </cfIndic_Indic>
  </cfIndic>

  <cfIndic>
    <cfIndicId>fa692f72-3ee9-4e35-bfb9-198161f5bf1a<!-- Value of awards per FTE --></cfIndicId>
    <cfName cfLangCode="en" cfTrans="o">Value of awards per FTE</cfName>
    <cfIndic_Indic>
      <cfIndicId2>00efc77b-c418-4011-ba3d-ec2ac7768bce<!-- Awards Volume --></cfIndicId2>
      <cfClassId>e162e115-6636-4f7f-b637-5b90c480fb0b<!-- Specialization --></cfClassId>
      <cfClassSchemeId>065bd11e-0f80-4a5e-a695-54bed2e255a5<!-- Mereotopological Structure --></cfClassSchemeId>
    </cfIndic_Indic>
  </cfIndic>

  <cfIndic>
    <cfIndicId>975e495d-4e2a-4c7d-b67b-a29d94ccb724<!-- Process Metrics --></cfIndicId>
    <cfName cfLangCode="en" cfTrans="o">Process Metrics</cfName>
    <cfIndic_Indic>
      <cfIndicId2>e15fdc10-9b81-4817-9789-309fbd46466e<!-- Input Metrics --></cfIndicId2>
      <cfClassId>e162e115-6636-4f7f-b637-5b90c480fb0b<!-- Specialization --></cfClassId>
      <cfClassSchemeId>065bd11e-0f80-4a5e-a695-54bed2e255a5<!-- Mereotopological Structure --></cfClassSchemeId>
    </cfIndic_Indic>
  </cfIndic>

  <cfIndic>
    <cfIndicId>41ad216c-0823-486b-9b85-0d73637523dc<!-- Income Volume --></cfIndicId>
    <cfName cfLangCode="en" cfTrans="o">Income Volume</cfName>
    <cfDescr cfLangCode="en" cfTrans="o">Income Volume calculates the value of awarded budget derived from research awards from external funding bodies that has been spent.</cfDescr>
    <cfIndic_Indic>
      <cfIndicId2>975e495d-4e2a-4c7d-b67b-a29d94ccb724<!-- Process Metrics --></cfIndicId2>
      <cfClassId>e162e115-6636-4f7f-b637-5b90c480fb0b<!-- Specialization --></cfClassId>
      <cfClassSchemeId>065bd11e-0f80-4a5e-a695-54bed2e255a5<!-- Mereotopological Structure --></cfClassSchemeId>
    </cfIndic_Indic>
  </cfIndic>

  <cfIndic>
    <cfIndicId>ad863663-db77-4c4c-9952-4afb11f212b2<!-- Income spent --></cfIndicId>
    <cfName cfLangCode="en" cfTrans="o">Income spent</cfName>
    <cfIndic_Indic>
      <cfIndicId2>41ad216c-0823-486b-9b85-0d73637523dc<!-- Income Volume --></cfIndicId2>
      <cfClassId>e162e115-6636-4f7f-b637-5b90c480fb0b<!-- Specialization --></cfClassId>
      <cfClassSchemeId>065bd11e-0f80-4a5e-a695-54bed2e255a5<!-- Mereotopological Structure --></cfClassSchemeId>
    </cfIndic_Indic>
  </cfIndic>

  <cfIndic>
    <cfIndicId>73a403f0-5eab-4829-9bbf-71a28f2737df<!-- Income spent per FTE --></cfIndicId>
    <cfName cfLangCode="en" cfTrans="o">Income spent per FTE</cfName>
    <cfIndic_Indic>
      <cfIndicId2>41ad216c-0823-486b-9b85-0d73637523dc<!-- Income Volume --></cfIndicId2>
      <cfClassId>e162e115-6636-4f7f-b637-5b90c480fb0b<!-- Specialization --></cfClassId>
      <cfClassSchemeId>065bd11e-0f80-4a5e-a695-54bed2e255a5<!-- Mereotopological Structure --></cfClassSchemeId>
    </cfIndic_Indic>
  </cfIndic>

  <cfIndic>
    <cfIndicId>bdfd7d2f-1a6e-4b03-9218-455613811464<!-- Market Share --></cfIndicId>
    <cfName cfLangCode="en" cfTrans="o">Market Share</cfName>
    <cfDescr cfLangCode="en" cfTrans="o">Market Share calculates the percentage of total research income across the sector related to a given institution.</cfDescr>
    <cfIndic_Indic>
      <cfIndicId2>975e495d-4e2a-4c7d-b67b-a29d94ccb724<!-- Process Metrics --></cfIndicId2>
      <cfClassId>e162e115-6636-4f7f-b637-5b90c480fb0b<!-- Specialization --></cfClassId>
      <cfClassSchemeId>065bd11e-0f80-4a5e-a695-54bed2e255a5<!-- Mereotopological Structure --></cfClassSchemeId>
    </cfIndic_Indic>
  </cfIndic>

  <cfIndic>
    <cfIndicId>81b98e82-b6eb-4fb2-bf73-32f90124ca66<!-- Percentage of sector total research income --></cfIndicId>
    <cfName cfLangCode="en" cfTrans="o">Percentage of sector total research income</cfName>
    <cfIndic_Indic>
      <cfIndicId2>bdfd7d2f-1a6e-4b03-9218-455613811464<!-- Market Share --></cfIndicId2>
      <cfClassId>e162e115-6636-4f7f-b637-5b90c480fb0b<!-- Specialization --></cfClassId>
      <cfClassSchemeId>065bd11e-0f80-4a5e-a695-54bed2e255a5<!-- Mereotopological Structure --></cfClassSchemeId>
    </cfIndic_Indic>
  </cfIndic>

  <cfIndic>
    <cfIndicId>547a3d80-65b9-457e-b054-c6c3ad2c84d1<!-- Output Metrics --></cfIndicId>
    <cfName cfLangCode="en" cfTrans="o">Output Metrics</cfName>
    <cfIndic_Indic>
      <cfIndicId2>e15fdc10-9b81-4817-9789-309fbd46466e<!-- Input Metrics --></cfIndicId2>
      <cfClassId>e162e115-6636-4f7f-b637-5b90c480fb0b<!-- Specialization --></cfClassId>
      <cfClassSchemeId>065bd11e-0f80-4a5e-a695-54bed2e255a5<!-- Mereotopological Structure --></cfClassSchemeId>
    </cfIndic_Indic>
  </cfIndic>

  <cfIndic>
    <cfIndicId>58963a52-e035-4345-9207-f8a9f7576eb2<!-- Scholarly Output --></cfIndicId>
    <cfName cfLangCode="en" cfTrans="o">Scholarly Output</cfName>
    <cfDescr cfLangCode="en" cfTrans="o">Scholarly Output counts the number of institutional outputs of any type.</cfDescr>
    <cfIndic_Indic>
      <cfIndicId2>547a3d80-65b9-457e-b054-c6c3ad2c84d1<!-- Output Metrics --></cfIndicId2>
      <cfClassId>e162e115-6636-4f7f-b637-5b90c480fb0b<!-- Specialization --></cfClassId>
      <cfClassSchemeId>065bd11e-0f80-4a5e-a695-54bed2e255a5<!-- Mereotopological Structure --></cfClassSchemeId>
    </cfIndic_Indic>
  </cfIndic>

  <cfIndic>
    <cfIndicId>ba9d91e9-a32a-467f-8d21-7f0ae06b60f2<!-- Scholarly Output : Number of outputs --></cfIndicId>
    <cfName cfLangCode="en" cfTrans="o">Scholarly Output : Number of outputs</cfName>
    <cfIndic_Indic>
      <cfIndicId2>58963a52-e035-4345-9207-f8a9f7576eb2<!-- Scholarly Output --></cfIndicId2>
      <cfClassId>e162e115-6636-4f7f-b637-5b90c480fb0b<!-- Specialization --></cfClassId>
      <cfClassSchemeId>065bd11e-0f80-4a5e-a695-54bed2e255a5<!-- Mereotopological Structure --></cfClassSchemeId>
    </cfIndic_Indic>
  </cfIndic>

  <cfIndic>
    <cfIndicId>cb30115c-b6ac-4ca7-80b4-073d7778e258<!-- Scholarly Output : Number of outputs per FTE --></cfIndicId>
    <cfName cfLangCode="en" cfTrans="o">Scholarly Output : Number of outputs per FTE</cfName>
    <cfIndic_Indic>
      <cfIndicId2>58963a52-e035-4345-9207-f8a9f7576eb2<!-- Scholarly Output --></cfIndicId2>
      <cfClassId>e162e115-6636-4f7f-b637-5b90c480fb0b<!-- Specialization --></cfClassId>
      <cfClassSchemeId>065bd11e-0f80-4a5e-a695-54bed2e255a5<!-- Mereotopological Structure --></cfClassSchemeId>
    </cfIndic_Indic>
  </cfIndic>

  <cfIndic>
    <cfIndicId>3ee9b14c-b998-44c6-956a-4a487dc47d2d<!-- Citation Count --></cfIndicId>
    <cfName cfLangCode="en" cfTrans="o">Citation Count</cfName>
    <cfDescr cfLangCode="en" cfTrans="o">Citation Count gives the number of citations received to date by institutional outputs.</cfDescr>
    <cfIndic_Indic>
      <cfIndicId2>547a3d80-65b9-457e-b054-c6c3ad2c84d1<!-- Output Metrics --></cfIndicId2>
      <cfClassId>e162e115-6636-4f7f-b637-5b90c480fb0b<!-- Specialization --></cfClassId>
      <cfClassSchemeId>065bd11e-0f80-4a5e-a695-54bed2e255a5<!-- Mereotopological Structure --></cfClassSchemeId>
    </cfIndic_Indic>
  </cfIndic>

  <cfIndic>
    <cfIndicId>a348f540-fca7-401a-a29f-fcbf595f9f1f<!-- Number of Citations --></cfIndicId>
    <cfName cfLangCode="en" cfTrans="o">Number of Citations</cfName>
    <cfIndic_Indic>
      <cfIndicId2>3ee9b14c-b998-44c6-956a-4a487dc47d2d<!-- Citation Count --></cfIndicId2>
      <cfClassId>e162e115-6636-4f7f-b637-5b90c480fb0b<!-- Specialization --></cfClassId>
      <cfClassSchemeId>065bd11e-0f80-4a5e-a695-54bed2e255a5<!-- Mereotopological Structure --></cfClassSchemeId>
    </cfIndic_Indic>
  </cfIndic>

  <cfIndic>
    <cfIndicId>ef6638e3-4bfc-4e30-876d-58f9ca9da7ba<!-- Number of Citations per FTE --></cfIndicId>
    <cfName cfLangCode="en" cfTrans="o">Number of Citations per FTE</cfName>
    <cfIndic_Indic>
      <cfIndicId2>3ee9b14c-b998-44c6-956a-4a487dc47d2d<!-- Citation Count --></cfIndicId2>
      <cfClassId>e162e115-6636-4f7f-b637-5b90c480fb0b<!-- Specialization --></cfClassId>
      <cfClassSchemeId>065bd11e-0f80-4a5e-a695-54bed2e255a5<!-- Mereotopological Structure --></cfClassSchemeId>
    </cfIndic_Indic>
  </cfIndic>

  <cfIndic>
    <cfIndicId>bd620b51-3a20-4fe8-aa70-6c7b388fd2ae<!-- Number of Citations per Output --></cfIndicId>
    <cfName cfLangCode="en" cfTrans="o">Number of Citations per Output</cfName>
    <cfIndic_Indic>
      <cfIndicId2>3ee9b14c-b998-44c6-956a-4a487dc47d2d<!-- Citation Count --></cfIndicId2>
      <cfClassId>e162e115-6636-4f7f-b637-5b90c480fb0b<!-- Specialization --></cfClassId>
      <cfClassSchemeId>065bd11e-0f80-4a5e-a695-54bed2e255a5<!-- Mereotopological Structure --></cfClassSchemeId>
    </cfIndic_Indic>
  </cfIndic>

  <cfIndic>
    <cfIndicId>6a824a60-6925-49c3-8aa9-29bc0e6d1ac0<!-- h-Index --></cfIndicId>
    <cfName cfLangCode="en" cfTrans="o">h-Index</cfName>
    <cfDescr cfLangCode="en" cfTrans="o">The metric calculated the h-index, as defined by Professor Jorge Hirsch, for institutional disciplines.</cfDescr>
    <cfIndic_Indic>
      <cfIndicId2>547a3d80-65b9-457e-b054-c6c3ad2c84d1<!-- Output Metrics --></cfIndicId2>
      <cfClassId>e162e115-6636-4f7f-b637-5b90c480fb0b<!-- Specialization --></cfClassId>
      <cfClassSchemeId>065bd11e-0f80-4a5e-a695-54bed2e255a5<!-- Mereotopological Structure --></cfClassSchemeId>
    </cfIndic_Indic>
  </cfIndic>

  <cfIndic>
    <cfIndicId>1cab935a-715b-49a8-b83e-dd6d496be82a<!-- Field-Weighted Citation Impact --></cfIndicId>
    <cfName cfLangCode="en" cfTrans="o">Field-Weighted Citation Impact</cfName>
    <cfDescr cfLangCode="en" cfTrans="o">Field-Weighted Citation Impact is the ratio of the total citations actually received by the denominator's output, and the total citations that would be expected based on the average of the subject field.</cfDescr>
    <cfIndic_Indic>
      <cfIndicId2>547a3d80-65b9-457e-b054-c6c3ad2c84d1<!-- Output Metrics --></cfIndicId2>
      <cfClassId>e162e115-6636-4f7f-b637-5b90c480fb0b<!-- Specialization --></cfClassId>
      <cfClassSchemeId>065bd11e-0f80-4a5e-a695-54bed2e255a5<!-- Mereotopological Structure --></cfClassSchemeId>
    </cfIndic_Indic>
  </cfIndic>

  <cfIndic>
    <cfIndicId>fc5f44f1-5423-4bff-b441-b25d8ffacc41<!-- Outputs in Top Percentiles --></cfIndicId>
    <cfName cfLangCode="en" cfTrans="o">Outputs in Top Percentiles</cfName>
    <cfDescr cfLangCode="en" cfTrans="o">The citation thresholds that represent the top 1%, 5%, 10% and 25% outputs in the data universe being used are established. The absolute counts, or percentage of total counts, of outputs that lie within each threshold is calculated.</cfDescr>
    <cfIndic_Indic>
      <cfIndicId2>547a3d80-65b9-457e-b054-c6c3ad2c84d1<!-- Output Metrics --></cfIndicId2>
      <cfClassId>e162e115-6636-4f7f-b637-5b90c480fb0b<!-- Specialization --></cfClassId>
      <cfClassSchemeId>065bd11e-0f80-4a5e-a695-54bed2e255a5<!-- Mereotopological Structure --></cfClassSchemeId>
    </cfIndic_Indic>
  </cfIndic>

  <cfIndic>
    <cfIndicId>d00e94b0-0678-4c72-9dfd-59b3f30917db<!-- Outputs in the Top 1% by Citation Count --></cfIndicId>
    <cfName cfLangCode="en" cfTrans="o">Outputs in the Top 1% by Citation Count</cfName>
    <cfIndic_Indic>
      <cfIndicId2>fc5f44f1-5423-4bff-b441-b25d8ffacc41<!-- Outputs in Top Percentiles --></cfIndicId2>
      <cfClassId>e162e115-6636-4f7f-b637-5b90c480fb0b<!-- Specialization --></cfClassId>
      <cfClassSchemeId>065bd11e-0f80-4a5e-a695-54bed2e255a5<!-- Mereotopological Structure --></cfClassSchemeId>
    </cfIndic_Indic>
  </cfIndic>

  <cfIndic>
    <cfIndicId>e80d7eba-e68a-4be9-b0a4-bd45dd40949a<!-- Number of Outputs in the Top 1% by Citation Count --></cfIndicId>
    <cfName cfLangCode="en" cfTrans="o">Number of Outputs in the Top 1% by Citation Count</cfName>
    <cfIndic_Indic>
      <cfIndicId2>d00e94b0-0678-4c72-9dfd-59b3f30917db<!-- Outputs in the Top 1% by Citation Count --></cfIndicId2>
      <cfClassId>e162e115-6636-4f7f-b637-5b90c480fb0b<!-- Specialization --></cfClassId>
      <cfClassSchemeId>065bd11e-0f80-4a5e-a695-54bed2e255a5<!-- Mereotopological Structure --></cfClassSchemeId>
    </cfIndic_Indic>
  </cfIndic>

  <cfIndic>
    <cfIndicId>1416032d-6686-4291-86ea-6d0a3f4e0611<!-- Percentage of Total Outputs in the Top 1% by Citation Count --></cfIndicId>
    <cfName cfLangCode="en" cfTrans="o">Percentage of Total Outputs in the Top 1% by Citation Count</cfName>
    <cfIndic_Indic>
      <cfIndicId2>d00e94b0-0678-4c72-9dfd-59b3f30917db<!-- Outputs in the Top 1% by Citation Count --></cfIndicId2>
      <cfClassId>e162e115-6636-4f7f-b637-5b90c480fb0b<!-- Specialization --></cfClassId>
      <cfClassSchemeId>065bd11e-0f80-4a5e-a695-54bed2e255a5<!-- Mereotopological Structure --></cfClassSchemeId>
    </cfIndic_Indic>
  </cfIndic>

  <cfIndic>
    <cfIndicId>319b61bc-867d-411e-b65e-d1f882971193<!-- Number of outputs in the Top 1% by Citation Count per FTE --></cfIndicId>
    <cfName cfLangCode="en" cfTrans="o">Number of outputs in the Top 1% by Citation Count per FTE</cfName>
    <cfIndic_Indic>
      <cfIndicId2>d00e94b0-0678-4c72-9dfd-59b3f30917db<!-- Outputs in the Top 1% by Citation Count --></cfIndicId2>
      <cfClassId>e162e115-6636-4f7f-b637-5b90c480fb0b<!-- Specialization --></cfClassId>
      <cfClassSchemeId>065bd11e-0f80-4a5e-a695-54bed2e255a5<!-- Mereotopological Structure --></cfClassSchemeId>
    </cfIndic_Indic>
  </cfIndic>

  <cfIndic>
    <cfIndicId>fc5e319b-ec87-448d-9f36-4a0841e63fe4<!-- Outputs in the Top 5% by Citation Count --></cfIndicId>
    <cfName cfLangCode="en" cfTrans="o">Outputs in the Top 5% by Citation Count</cfName>
    <cfIndic_Indic>
      <cfIndicId2>fc5f44f1-5423-4bff-b441-b25d8ffacc41<!-- Outputs in Top Percentiles --></cfIndicId2>
      <cfClassId>e162e115-6636-4f7f-b637-5b90c480fb0b<!-- Specialization --></cfClassId>
      <cfClassSchemeId>065bd11e-0f80-4a5e-a695-54bed2e255a5<!-- Mereotopological Structure --></cfClassSchemeId>
    </cfIndic_Indic>
  </cfIndic>

  <cfIndic>
    <cfIndicId>ec0a5496-8da7-4fb1-b307-23fa143834fb<!-- Number of Outputs in the Top 5% by Citation Count --></cfIndicId>
    <cfName cfLangCode="en" cfTrans="o">Number of Outputs in the Top 5% by Citation Count</cfName>
    <cfIndic_Indic>
      <cfIndicId2>fc5e319b-ec87-448d-9f36-4a0841e63fe4<!-- Outputs in the Top 5% by Citation Count --></cfIndicId2>
      <cfClassId>e162e115-6636-4f7f-b637-5b90c480fb0b<!-- Specialization --></cfClassId>
      <cfClassSchemeId>065bd11e-0f80-4a5e-a695-54bed2e255a5<!-- Mereotopological Structure --></cfClassSchemeId>
    </cfIndic_Indic>
  </cfIndic>

  <cfIndic>
    <cfIndicId>9e3f8a7d-70f0-4fc0-a7af-a38c7f1e16f2<!-- Percentage of Total Outputs in the Top 5% by Citation Count --></cfIndicId>
    <cfName cfLangCode="en" cfTrans="o">Percentage of Total Outputs in the Top 5% by Citation Count</cfName>
    <cfIndic_Indic>
      <cfIndicId2>fc5e319b-ec87-448d-9f36-4a0841e63fe4<!-- Outputs in the Top 5% by Citation Count --></cfIndicId2>
      <cfClassId>e162e115-6636-4f7f-b637-5b90c480fb0b<!-- Specialization --></cfClassId>
      <cfClassSchemeId>065bd11e-0f80-4a5e-a695-54bed2e255a5<!-- Mereotopological Structure --></cfClassSchemeId>
    </cfIndic_Indic>
  </cfIndic>

  <cfIndic>
    <cfIndicId>4f73896f-d051-42b1-b570-72cae31e478f<!-- Number of outputs in the Top 5% by Citation Count per FTE --></cfIndicId>
    <cfName cfLangCode="en" cfTrans="o">Number of outputs in the Top 5% by Citation Count per FTE</cfName>
    <cfIndic_Indic>
      <cfIndicId2>fc5e319b-ec87-448d-9f36-4a0841e63fe4<!-- Outputs in the Top 5% by Citation Count --></cfIndicId2>
      <cfClassId>e162e115-6636-4f7f-b637-5b90c480fb0b<!-- Specialization --></cfClassId>
      <cfClassSchemeId>065bd11e-0f80-4a5e-a695-54bed2e255a5<!-- Mereotopological Structure --></cfClassSchemeId>
    </cfIndic_Indic>
  </cfIndic>

  <cfIndic>
    <cfIndicId>8c07049c-8c34-4272-b2da-80dfe229daee<!-- Outputs in the Top 10% by Citation Count --></cfIndicId>
    <cfName cfLangCode="en" cfTrans="o">Outputs in the Top 10% by Citation Count</cfName>
    <cfIndic_Indic>
      <cfIndicId2>fc5f44f1-5423-4bff-b441-b25d8ffacc41<!-- Outputs in Top Percentiles --></cfIndicId2>
      <cfClassId>e162e115-6636-4f7f-b637-5b90c480fb0b<!-- Specialization --></cfClassId>
      <cfClassSchemeId>065bd11e-0f80-4a5e-a695-54bed2e255a5<!-- Mereotopological Structure --></cfClassSchemeId>
    </cfIndic_Indic>
  </cfIndic>

  <cfIndic>
    <cfIndicId>58f2f261-f99e-4b93-8213-49d35547f779<!-- Number of Outputs in the Top 10% by Citation Count --></cfIndicId>
    <cfName cfLangCode="en" cfTrans="o">Number of Outputs in the Top 10% by Citation Count</cfName>
    <cfIndic_Indic>
      <cfIndicId2>8c07049c-8c34-4272-b2da-80dfe229daee<!-- Outputs in the Top 10% by Citation Count --></cfIndicId2>
      <cfClassId>e162e115-6636-4f7f-b637-5b90c480fb0b<!-- Specialization --></cfClassId>
      <cfClassSchemeId>065bd11e-0f80-4a5e-a695-54bed2e255a5<!-- Mereotopological Structure --></cfClassSchemeId>
    </cfIndic_Indic>
  </cfIndic>

  <cfIndic>
    <cfIndicId>24c80d06-ab45-4e32-9762-c98a1b79335a<!-- Percentage of Total Outputs in the Top 10% by Citation Count --></cfIndicId>
    <cfName cfLangCode="en" cfTrans="o">Percentage of Total Outputs in the Top 10% by Citation Count</cfName>
    <cfIndic_Indic>
      <cfIndicId2>8c07049c-8c34-4272-b2da-80dfe229daee<!-- Outputs in the Top 10% by Citation Count --></cfIndicId2>
      <cfClassId>e162e115-6636-4f7f-b637-5b90c480fb0b<!-- Specialization --></cfClassId>
      <cfClassSchemeId>065bd11e-0f80-4a5e-a695-54bed2e255a5<!-- Mereotopological Structure --></cfClassSchemeId>
    </cfIndic_Indic>
  </cfIndic>

  <cfIndic>
    <cfIndicId>60a940df-3cd0-421c-a81e-6ffe7bfdf659<!-- Number of outputs in the Top 10% by Citation Count per FTE --></cfIndicId>
    <cfName cfLangCode="en" cfTrans="o">Number of outputs in the Top 10% by Citation Count per FTE</cfName>
    <cfIndic_Indic>
      <cfIndicId2>8c07049c-8c34-4272-b2da-80dfe229daee<!-- Outputs in the Top 10% by Citation Count --></cfIndicId2>
      <cfClassId>e162e115-6636-4f7f-b637-5b90c480fb0b<!-- Specialization --></cfClassId>
      <cfClassSchemeId>065bd11e-0f80-4a5e-a695-54bed2e255a5<!-- Mereotopological Structure --></cfClassSchemeId>
    </cfIndic_Indic>
  </cfIndic>

  <cfIndic>
    <cfIndicId>0c8e8469-3d80-4ace-bc22-2f0e01ef9120<!-- Outputs in the Top 25% by Citation Count --></cfIndicId>
    <cfName cfLangCode="en" cfTrans="o">Outputs in the Top 25% by Citation Count</cfName>
    <cfIndic_Indic>
      <cfIndicId2>fc5f44f1-5423-4bff-b441-b25d8ffacc41<!-- Outputs in Top Percentiles --></cfIndicId2>
      <cfClassId>e162e115-6636-4f7f-b637-5b90c480fb0b<!-- Specialization --></cfClassId>
      <cfClassSchemeId>065bd11e-0f80-4a5e-a695-54bed2e255a5<!-- Mereotopological Structure --></cfClassSchemeId>
    </cfIndic_Indic>
  </cfIndic>

  <cfIndic>
    <cfIndicId>b266e440-ac27-4a50-8ba5-b7f970bdf2d4<!-- Number of Outputs in the Top 25% by Citation Count --></cfIndicId>
    <cfName cfLangCode="en" cfTrans="o">Number of Outputs in the Top 25% by Citation Count</cfName>
    <cfIndic_Indic>
      <cfIndicId2>0c8e8469-3d80-4ace-bc22-2f0e01ef9120<!-- Outputs in the Top 25% by Citation Count --></cfIndicId2>
      <cfClassId>e162e115-6636-4f7f-b637-5b90c480fb0b<!-- Specialization --></cfClassId>
      <cfClassSchemeId>065bd11e-0f80-4a5e-a695-54bed2e255a5<!-- Mereotopological Structure --></cfClassSchemeId>
    </cfIndic_Indic>
  </cfIndic>

  <cfIndic>
    <cfIndicId>fef7af47-5528-4fea-9036-9f266d74f7af<!-- Percentage of Total Outputs in the Top 25% by Citation Count --></cfIndicId>
    <cfName cfLangCode="en" cfTrans="o">Percentage of Total Outputs in the Top 25% by Citation Count</cfName>
    <cfIndic_Indic>
      <cfIndicId2>0c8e8469-3d80-4ace-bc22-2f0e01ef9120<!-- Outputs in the Top 25% by Citation Count --></cfIndicId2>
      <cfClassId>e162e115-6636-4f7f-b637-5b90c480fb0b<!-- Specialization --></cfClassId>
      <cfClassSchemeId>065bd11e-0f80-4a5e-a695-54bed2e255a5<!-- Mereotopological Structure --></cfClassSchemeId>
    </cfIndic_Indic>
  </cfIndic>

  <cfIndic>
    <cfIndicId>dfeb72d5-baae-4547-852e-0f5bf65053d2<!-- Number of outputs in the Top 25% by Citation Count per FTE --></cfIndicId>
    <cfName cfLangCode="en" cfTrans="o">Number of outputs in the Top 25% by Citation Count per FTE</cfName>
    <cfIndic_Indic>
      <cfIndicId2>0c8e8469-3d80-4ace-bc22-2f0e01ef9120<!-- Outputs in the Top 25% by Citation Count --></cfIndicId2>
      <cfClassId>e162e115-6636-4f7f-b637-5b90c480fb0b<!-- Specialization --></cfClassId>
      <cfClassSchemeId>065bd11e-0f80-4a5e-a695-54bed2e255a5<!-- Mereotopological Structure --></cfClassSchemeId>
    </cfIndic_Indic>
  </cfIndic>

  <cfIndic>
    <cfIndicId>02a1d133-ac49-4398-8dbe-a9322ed0bc9a<!-- Collaboration --></cfIndicId>
    <cfName cfLangCode="en" cfTrans="o">Collaboration</cfName>
    <cfDescr cfLangCode="en" cfTrans="o">Collaboration measures outputs that have national or international co-authorship.</cfDescr>
    <cfIndic_Indic>
      <cfIndicId2>547a3d80-65b9-457e-b054-c6c3ad2c84d1<!-- Output Metrics --></cfIndicId2>
      <cfClassId>e162e115-6636-4f7f-b637-5b90c480fb0b<!-- Specialization --></cfClassId>
      <cfClassSchemeId>065bd11e-0f80-4a5e-a695-54bed2e255a5<!-- Mereotopological Structure --></cfClassSchemeId>
    </cfIndic_Indic>
  </cfIndic>

  <cfIndic>
    <cfIndicId>5c031258-75f0-4e0e-a58d-95cdba29a6f6<!-- International Collaboration --></cfIndicId>
    <cfName cfLangCode="en" cfTrans="o">International Collaboration</cfName>
    <cfIndic_Indic>
      <cfIndicId2>02a1d133-ac49-4398-8dbe-a9322ed0bc9a<!-- Collaboration --></cfIndicId2>
      <cfClassId>e162e115-6636-4f7f-b637-5b90c480fb0b<!-- Specialization --></cfClassId>
      <cfClassSchemeId>065bd11e-0f80-4a5e-a695-54bed2e255a5<!-- Mereotopological Structure --></cfClassSchemeId>
    </cfIndic_Indic>
  </cfIndic>

  <cfIndic>
    <cfIndicId>cb1ac458-1757-437f-b582-99f921ae2a73<!-- Number of Outputs produced in an International Collaboration --></cfIndicId>
    <cfName cfLangCode="en" cfTrans="o">Number of Outputs produced in an International Collaboration</cfName>
    <cfIndic_Indic>
      <cfIndicId2>5c031258-75f0-4e0e-a58d-95cdba29a6f6<!-- International Collaboration --></cfIndicId2>
      <cfClassId>e162e115-6636-4f7f-b637-5b90c480fb0b<!-- Specialization --></cfClassId>
      <cfClassSchemeId>065bd11e-0f80-4a5e-a695-54bed2e255a5<!-- Mereotopological Structure --></cfClassSchemeId>
    </cfIndic_Indic>
  </cfIndic>

  <cfIndic>
    <cfIndicId>03cebeb1-d3d8-4bab-a66f-b204e1416986<!-- Percentage of Outputs produced in an International Collaboration to Total Outputs --></cfIndicId>
    <cfName cfLangCode="en" cfTrans="o">Percentage of Outputs produced in an International Collaboration to Total Outputs</cfName>
    <cfIndic_Indic>
      <cfIndicId2>5c031258-75f0-4e0e-a58d-95cdba29a6f6<!-- International Collaboration --></cfIndicId2>
      <cfClassId>e162e115-6636-4f7f-b637-5b90c480fb0b<!-- Specialization --></cfClassId>
      <cfClassSchemeId>065bd11e-0f80-4a5e-a695-54bed2e255a5<!-- Mereotopological Structure --></cfClassSchemeId>
    </cfIndic_Indic>
  </cfIndic>

  <cfIndic>
    <cfIndicId>b5631b20-5d4c-4e5d-8bfc-6a738ebadb80<!-- Number of Outputs produced in an International Collaboration per FTE --></cfIndicId>
    <cfName cfLangCode="en" cfTrans="o">Number of Outputs produced in an International Collaboration per FTE</cfName>
    <cfIndic_Indic>
      <cfIndicId2>5c031258-75f0-4e0e-a58d-95cdba29a6f6<!-- International Collaboration --></cfIndicId2>
      <cfClassId>e162e115-6636-4f7f-b637-5b90c480fb0b<!-- Specialization --></cfClassId>
      <cfClassSchemeId>065bd11e-0f80-4a5e-a695-54bed2e255a5<!-- Mereotopological Structure --></cfClassSchemeId>
    </cfIndic_Indic>
  </cfIndic>

  <cfIndic>
    <cfIndicId>6cb28952-bb4e-4797-9aa3-420d5970a19a<!-- National Collaboration --></cfIndicId>
    <cfName cfLangCode="en" cfTrans="o">National Collaboration</cfName>
    <cfIndic_Indic>
      <cfIndicId2>02a1d133-ac49-4398-8dbe-a9322ed0bc9a<!-- Collaboration --></cfIndicId2>
      <cfClassId>e162e115-6636-4f7f-b637-5b90c480fb0b<!-- Specialization --></cfClassId>
      <cfClassSchemeId>065bd11e-0f80-4a5e-a695-54bed2e255a5<!-- Mereotopological Structure --></cfClassSchemeId>
    </cfIndic_Indic>
  </cfIndic>

  <cfIndic>
    <cfIndicId>c76dcab1-2396-4909-8c6a-87f701ef85d3<!-- Number of Outputs produced in a National Collaboration --></cfIndicId>
    <cfName cfLangCode="en" cfTrans="o">Number of Outputs produced in a National Collaboration</cfName>
    <cfIndic_Indic>
      <cfIndicId2>6cb28952-bb4e-4797-9aa3-420d5970a19a<!-- National Collaboration --></cfIndicId2>
      <cfClassId>e162e115-6636-4f7f-b637-5b90c480fb0b<!-- Specialization --></cfClassId>
      <cfClassSchemeId>065bd11e-0f80-4a5e-a695-54bed2e255a5<!-- Mereotopological Structure --></cfClassSchemeId>
    </cfIndic_Indic>
  </cfIndic>

  <cfIndic>
    <cfIndicId>94f57888-5f16-4cf8-982b-016c06ddce3f<!-- Percentage of Outputs produced in a National Collaboration to Total Outputs --></cfIndicId>
    <cfName cfLangCode="en" cfTrans="o">Percentage of Outputs produced in a National Collaboration to Total Outputs</cfName>
    <cfIndic_Indic>
      <cfIndicId2>6cb28952-bb4e-4797-9aa3-420d5970a19a<!-- National Collaboration --></cfIndicId2>
      <cfClassId>e162e115-6636-4f7f-b637-5b90c480fb0b<!-- Specialization --></cfClassId>
      <cfClassSchemeId>065bd11e-0f80-4a5e-a695-54bed2e255a5<!-- Mereotopological Structure --></cfClassSchemeId>
    </cfIndic_Indic>
  </cfIndic>

  <cfIndic>
    <cfIndicId>09037356-cb08-49d1-813c-e56fdd25e32e<!-- Number of Outputs produced in a National Collaboration per FTE --></cfIndicId>
    <cfName cfLangCode="en" cfTrans="o">Number of Outputs produced in a National Collaboration per FTE</cfName>
    <cfIndic_Indic>
      <cfIndicId2>6cb28952-bb4e-4797-9aa3-420d5970a19a<!-- National Collaboration --></cfIndicId2>
      <cfClassId>e162e115-6636-4f7f-b637-5b90c480fb0b<!-- Specialization --></cfClassId>
      <cfClassSchemeId>065bd11e-0f80-4a5e-a695-54bed2e255a5<!-- Mereotopological Structure --></cfClassSchemeId>
    </cfIndic_Indic>
  </cfIndic>

</CERIF>