<?xml version="1.0" encoding="UTF-8"?>
<!-- Volume of Research Income Spent -->

<CERIF xmlns="urn:xmlns:org:eurocris:cerif-1.6-2" xsi:schemaLocation="urn:xmlns:org:eurocris:cerif-1.6-2 http://www.eurocris.org/Uploads/Web%20pages/CERIF-1.6/CERIF_1.6_2.xsd" xmlns:xsi="http://www.w3.org/2001/XMLSchema-instance" date="2014-06-07" sourceDatabase="Examples">

<!-- Submitting Institution -->
<cfOrgUnit>
	<cfOrgUnitId>1</cfOrgUnitId>
	<cfName cfLangCode="en" cfTrans="o">Institution 1</cfName>
	<cfOrgUnit_Class>
		<cfClassId>snowball:institution-uuid</cfClassId>
		<cfClassSchemeId>snowball-uk-denominator-institutions-scheme-uuid</cfClassSchemeId>
	</cfOrgUnit_Class> 		
</cfOrgUnit>

<cfMeas>
	<cfMeasId>1iv07-08</cfMeasId>
	<cfValFloatP>9.2</cfValFloatP>
	<cfName cfLangCode="en" cfTrans="o">Income spent per Year</cfName>
	<cfMeas_Class>
		<cfClassId>iso:gbp-uuid</cfClassId>
		<cfClassSchemeId>iso:currency-code-uuid</cfClassSchemeId>
	</cfMeas_Class>	
	<cfMeas_Class>
		<cfClassId>snowball:financial-year-uuid</cfClassId>
		<cfClassSchemeId>snowball:time-uuid</cfClassSchemeId>
		<cfStartDate>2008-04-01T00:00:00</cfStartDate>
		<cfEndDate>2009-03-31T00:00:00</cfEndDate>
	</cfMeas_Class>
	<cfMeas_Class>
		<cfClassId>snowball-funder-type:mrc-uuid</cfClassId>
		<cfClassSchemeId>snowball-uk-denominator-funder-types-scheme-uuid</cfClassSchemeId>
	</cfMeas_Class>
	<cfMeas_Class>
		<cfClassId>hesa-cost-centre:101-uuid<!-- Clinical Medicine --></cfClassId>
		<cfClassSchemeId>snowball-uk-denominator-hesa-cost-centres-scheme-uuid</cfClassSchemeId>
	</cfMeas_Class>
	<cfIndic_Meas>
		<cfIndicId>snowball-indicator-2.1.1-uuid<!-- Income spent per Year --></cfIndicId>
		<cfClassId>eda28bc2-34c5-11e1-b86c-0800200c9a66<!-- Relation --></cfClassId>
		<cfClassSchemeId>cerif:indicator-measurement-relations-uuid</cfClassSchemeId>
		<cfStartDate>2008-04-01T00:00:00</cfStartDate>
		<cfEndDate>2009-03-31T00:00:00</cfEndDate>
	</cfIndic_Meas>	
	<cfSrv_Meas>
		<cfSrvId>1</cfSrvId>
		<cfClassId>snowball-data-source:institutional-accounts-system-uuid</cfClassId>
		<cfClassSchemeId>snowball:data-sources-uuid</cfClassSchemeId>
		<cfStartDate>2008-04-01T00:00:00</cfStartDate>
		<cfEndDate>2009-03-31T00:00:00</cfEndDate>
	</cfSrv_Meas>	
</cfMeas>

<cfMeas>
	<cfMeasId>1isf07-08</cfMeasId>
	<cfValFloatP>17.2</cfValFloatP>
	<cfName cfLangCode="en" cfTrans="o">Income spent per FTE</cfName>
	<cfMeas_Class>
		<cfClassId>iso:gbp-uuid</cfClassId>
		<cfClassSchemeId>iso:currency-code-uuid</cfClassSchemeId>
	</cfMeas_Class>	
	<cfMeas_Class>
		<cfClassId>snowball:financial-year-uuid</cfClassId>
		<cfClassSchemeId>snowball:time-uuid</cfClassSchemeId>
		<cfStartDate>2008-04-01T00:00:00</cfStartDate>
		<cfEndDate>2009-03-31T00:00:00</cfEndDate>
	</cfMeas_Class>
	<cfMeas_Class>
		<cfClassId>snowball-funder-type:stfc-uuid</cfClassId>
		<cfClassSchemeId>snowball-uk-denominator-funder-types-scheme-uuid</cfClassSchemeId>
	</cfMeas_Class>
	<cfMeas_Class>
		<cfClassId>hesa-cost-centre:114-uuid<!-- Physics --></cfClassId>
		<cfClassSchemeId>snowball-uk-denominator-hesa-cost-centres-scheme-uuid</cfClassSchemeId>
	</cfMeas_Class>
	<cfIndic_Meas>
		<cfIndicId>snowball-indicator-2.1.2-uuid<!-- Income spent per FTE per Year --></cfIndicId>
		<cfClassId>eda28bc2-34c5-11e1-b86c-0800200c9a66<!-- Relation --></cfClassId>
		<cfClassSchemeId>cerif:indicator-measurement-relations-uuid</cfClassSchemeId>
		<cfStartDate>2008-04-01T00:00:00</cfStartDate>
		<cfEndDate>2009-03-31T00:00:00</cfEndDate>
	</cfIndic_Meas>	
	<cfSrv_Meas>
		<cfSrvId>1</cfSrvId>
		<cfClassId>snowball-data-source:published-annual-accounts-uuid</cfClassId>
		<cfClassSchemeId>snowball:data-sources-uuid</cfClassSchemeId>
		<cfStartDate>2008-04-01T00:00:00</cfStartDate>
		<cfEndDate>2009-03-31T00:00:00</cfEndDate>
	</cfSrv_Meas>			
</cfMeas>

<!-- Anticipating Snowball vocabulary is available w/ submission system, i.e. uuid validation at submission. -->
</CERIF>