<?xml version="1.0" encoding="UTF-8"?>
<!-- Snowball Metrics - Underlying Data Services Examples -->

<CERIF xmlns="urn:xmlns:org:eurocris:cerif-1.6-2" xsi:schemaLocation="urn:xmlns:org:eurocris:cerif-1.6-2 http://www.eurocris.org/Uploads/Web%20pages/CERIF-1.6/CERIF_1.6_2.xsd" xmlns:xsi="http://www.w3.org/2001/XMLSchema-instance" date="2014-06-06" sourceDatabase="Examples">

<cfSrv>
	<cfSrvId>1</cfSrvId>
	<cfAcro>IRX</cfAcro>
	<cfURI>https://www.repository.org/</cfURI>	
	<cfName cfLangCode="en" cfTrans="o">Institutional Repository X</cfName>
</cfSrv>

<cfSrv>
	<cfSrvId>2</cfSrvId>
	<cfAcro>Unix</cfAcro>
	<cfURI>https://www.crisatunix.org/</cfURI>	
	<cfName cfLangCode="en" cfTrans="o">Current Research Information System UNIX</cfName>
</cfSrv>

<cfSrv>
	<cfSrvId>3</cfSrvId>
	<cfURI>https://www.scopus.com/</cfURI>	
	<cfName cfLangCode="en" cfTrans="o">Scopus</cfName>
</cfSrv>

<cfSrv>
	<cfSrvId>4</cfSrvId>
	<cfAcro>ISI-WOS</cfAcro>
	<cfName cfLangCode="en" cfTrans="o">Web of Science</cfName>
</cfSrv>

<cfSrv>
	<cfSrvId>5</cfSrvId>
	<cfAcro>Scholar</cfAcro>
	<cfName cfLangCode="en" cfTrans="o">Google Scholar</cfName>
</cfSrv>

<cfSrv>
	<cfSrvId>6</cfSrvId>
	<cfName cfLangCode="en" cfTrans="o">Institutional Grant System at Uni Y</cfName>
</cfSrv>

<cfSrv>
	<cfSrvId>7</cfSrvId>
	<cfName cfLangCode="en" cfTrans="o">Institutional Grant Application System at Dept. U</cfName>
</cfSrv>

<cfSrv>
	<cfSrvId>8</cfSrvId>
	<cfName cfLangCode="en" cfTrans="o">Institutional Accounts System at Kent Uni</cfName>
</cfSrv>

<cfSrv>
	<cfSrvId>9</cfSrvId>
	<cfName cfLangCode="en" cfTrans="o">Published Annual Accounts at Uni ZZ</cfName>
</cfSrv>

<cfSrv>
	<cfSrvId>10</cfSrvId>
	<cfName cfLangCode="en" cfTrans="o">National Statutory Reports at Uni St. Andrews</cfName>
</cfSrv>

</CERIF>