<?xml version="1.0" encoding="UTF-8"?>
<!-- Volume of awards granted and available to be spent. -->

<CERIF xmlns="urn:xmlns:org:eurocris:cerif-1.6-2" xsi:schemaLocation="urn:xmlns:org:eurocris:cerif-1.6-2 http://www.eurocris.org/Uploads/Web%20pages/CERIF-1.6/CERIF_1.6_2.xsd" xmlns:xsi="http://www.w3.org/2001/XMLSchema-instance" date="2014-06-07" sourceDatabase="Examples">

<!-- Submitting Institution -->
<cfOrgUnit>
	<cfOrgUnitId>1</cfOrgUnitId>
	<cfName cfLangCode="en" cfTrans="o">Institution 1</cfName>
	<cfOrgUnit_Class>
		<cfClassId>snowball:institution-uuid</cfClassId>
		<cfClassSchemeId>snowball-uk-denominator-institutions-scheme-uuid</cfClassSchemeId>
	</cfOrgUnit_Class> 		
</cfOrgUnit>

<cfMeas>
	<cfMeasId>1va07-08</cfMeasId>
	<cfValFloatP>39.2</cfValFloatP>
	<cfName cfLangCode="en" cfTrans="o">Value of Awards per Year</cfName>
	<cfMeas_Class>
		<cfClassId>iso:gbp-uuid</cfClassId>
		<cfClassSchemeId>iso:currency-code-uuid</cfClassSchemeId>
	</cfMeas_Class>	
	<cfMeas_Class>
		<cfClassId>snowball:financial-year-uuid</cfClassId>
		<cfClassSchemeId>snowball:time-uuid</cfClassSchemeId>
		<cfStartDate>2008-04-01T00:00:00</cfStartDate>
		<cfEndDate>2009-03-31T00:00:00</cfEndDate>
	</cfMeas_Class>
	<cfMeas_Class>
		<cfClassId>snowball-funder-type:stfc-uuid</cfClassId>
		<cfClassSchemeId>snowball-uk-denominator-funder-types-scheme-uuid</cfClassSchemeId>
	</cfMeas_Class>
	<cfMeas_Class>
		<cfClassId>hesa-cost-centre:112-uuid<!-- Mathematics --></cfClassId>
		<cfClassSchemeId>snowball-uk-denominator-hesa-cost-centres-scheme-uuid</cfClassSchemeId>
	</cfMeas_Class>
	<cfIndic_Meas>
		<cfIndicId>snowball-indicator-1.2.3-uuid<!-- Value of Awards --></cfIndicId>
		<cfClassId>eda28bc2-34c5-11e1-b86c-0800200c9a66<!-- Relation --></cfClassId>
		<cfClassSchemeId>cerif:indicator-measurement-relations-uuid</cfClassSchemeId>
		<cfStartDate>2008-04-01T00:00:00</cfStartDate>
		<cfEndDate>2009-03-31T00:00:00</cfEndDate>		
	</cfIndic_Meas>
	<cfSrv_Meas>
		<cfSrvId>6</cfSrvId>
		<cfClassId>snowball-data-source:institutional-grant-system-uuid</cfClassId>
		<cfClassSchemeId>snowball:data-sources-uuid</cfClassSchemeId>
		<cfStartDate>2008-04-01T00:00:00</cfStartDate>
		<cfEndDate>2009-03-31T00:00:00</cfEndDate>
	</cfSrv_Meas>			
</cfMeas>

<cfMeas>
	<cfMeasId>1ca07-08</cfMeasId>
	<cfCountInt>17</cfCountInt>
	<cfName cfLangCode="en" cfTrans="o">Count of Awards per Quarter</cfName>
	<cfMeas_Class>
		<cfClassId>snowball:quarter-uuid</cfClassId>
		<cfClassSchemeId>snowball:time-uuid</cfClassSchemeId>
		<cfStartDate>2008-01-01T00:00:00</cfStartDate>
		<cfEndDate>2008-03-31T00:00:00</cfEndDate>		
	</cfMeas_Class>
	<cfMeas_Class>
		<cfClassId>snowball-funder-type:stfc-uuid</cfClassId>
		<cfClassSchemeId>snowball-uk-denominator-funder-types-scheme-uuid</cfClassSchemeId>
	</cfMeas_Class>
	<cfMeas_Class>
		<cfClassId>hesa-cost-centre:114-uuid<!-- Physics --></cfClassId>
		<cfClassSchemeId>snowball-uk-denominator-hesa-cost-centres-scheme-uuid</cfClassSchemeId>
	</cfMeas_Class>
	<cfIndic_Meas>
		<cfIndicId>snowball-indicator-1.2.1-uuid<!-- Count of Awards --></cfIndicId>
		<cfClassId>eda28bc2-34c5-11e1-b86c-0800200c9a66<!-- Relation --></cfClassId>
		<cfClassSchemeId>cerif:indicator-measurement-relations-uuid</cfClassSchemeId>
		<cfStartDate>2008-01-01T00:00:00</cfStartDate>
		<cfEndDate>2008-03-31T00:00:00</cfEndDate>	
	</cfIndic_Meas>
	<cfSrv_Meas>
		<cfSrvId>6</cfSrvId>
		<cfClassId>snowball-data-source:institutional-grant-system-uuid</cfClassId>
		<cfClassSchemeId>snowball:data-sources-uuid</cfClassSchemeId>
		<cfStartDate>2008-01-01T00:00:00</cfStartDate>
		<cfEndDate>2008-03-31T00:00:00</cfEndDate>
	</cfSrv_Meas>			
</cfMeas>

<cfMeas>
	<cfMeasId>1caf08-09</cfMeasId>
	<cfValFloatP>63.1</cfValFloatP>
	<cfName cfLangCode="en" cfTrans="o">Count of Awards per FTE per Quarter</cfName>
	<cfMeas_Class>
		<cfClassId>snowball:quarter-uuid</cfClassId>
		<cfClassSchemeId>snowball:time-uuid</cfClassSchemeId>
		<cfStartDate>2008-01-01T00:00:00</cfStartDate>
		<cfEndDate>2008-03-31T00:00:00</cfEndDate>		
	</cfMeas_Class>
	<cfMeas_Class>
		<cfClassId>snowball-funder-type:stfc-uuid</cfClassId>
		<cfClassSchemeId>snowball-uk-denominator-funder-types-scheme-uuid</cfClassSchemeId>
	</cfMeas_Class>
	<cfMeas_Class>
		<cfClassId>hesa-cost-centre:122-uuid<!-- Mathematics --></cfClassId>
		<cfClassSchemeId>snowball-uk-denominator-hesa-cost-centres-scheme-uuid</cfClassSchemeId>
	</cfMeas_Class>
	<cfIndic_Meas>
		<cfIndicId>snowball-indicator-1.2.2-uuid<!-- Count of Awards per FTE --></cfIndicId>
		<cfClassId>eda28bc2-34c5-11e1-b86c-0800200c9a66<!-- Relation --></cfClassId>
		<cfClassSchemeId>cerif:indicator-measurement-relations-uuid</cfClassSchemeId>
		<cfStartDate>2008-01-01T00:00:00</cfStartDate>
		<cfEndDate>2008-03-31T00:00:00</cfEndDate>		
	</cfIndic_Meas>
	<cfSrv_Meas>
		<cfSrvId>6</cfSrvId>
		<cfClassId>snowball-data-source:institutional-grant-system-uuid</cfClassId>
		<cfClassSchemeId>snowball:data-sources-uuid</cfClassSchemeId>
		<cfStartDate>2008-01-01T00:00:00</cfStartDate>
		<cfEndDate>2008-03-31T00:00:00</cfEndDate>
	</cfSrv_Meas>	
</cfMeas>

<cfMeas>
	<cfMeasId>1vaf08-09</cfMeasId>
	<cfValFloatP>5.1</cfValFloatP>
	<cfName cfLangCode="en" cfTrans="o">Value of Awards per FTE per Quarter</cfName>
	<cfMeas_Class>
		<cfClassId>iso:gbp-uuid</cfClassId>
		<cfClassSchemeId>iso:currency-code-uuid</cfClassSchemeId>
	</cfMeas_Class>
	<cfMeas_Class>
		<cfClassId>snowball:quarter-uuid</cfClassId>
		<cfClassSchemeId>snowball:time-uuid</cfClassSchemeId>
		<cfStartDate>2008-01-01T00:00:00</cfStartDate>
		<cfEndDate>2008-03-31T00:00:00</cfEndDate>		
	</cfMeas_Class>
	<cfMeas_Class>
		<cfClassId>snowball-funder-type:nerc-uuid</cfClassId>
		<cfClassSchemeId>snowball-uk-denominator-funder-types-scheme-uuid</cfClassSchemeId>
	</cfMeas_Class>
	<cfMeas_Class>
		<cfClassId>hesa-cost-centre:114-uuid<!-- Physics --></cfClassId>
		<cfClassSchemeId>snowball-uk-denominator-hesa-cost-centres-scheme-uuid</cfClassSchemeId>
	</cfMeas_Class>
	<cfIndic_Meas>
		<cfIndicId>snowball-indicator-1.2.4-uuid<!-- Value of Awards per FTE --></cfIndicId>
		<cfClassId>eda28bc2-34c5-11e1-b86c-0800200c9a66<!-- Relation --></cfClassId>
		<cfClassSchemeId>cerif:indicator-measurement-relations-uuid</cfClassSchemeId>
		<cfStartDate>2008-01-01T00:00:00</cfStartDate>
		<cfEndDate>2008-03-31T00:00:00</cfEndDate>		
	</cfIndic_Meas>
	<cfSrv_Meas>
		<cfSrvId>6</cfSrvId>
		<cfClassId>snowball-data-source:institutional-grant-system-uuid</cfClassId>
		<cfClassSchemeId>snowball:data-sources-uuid</cfClassSchemeId>
		<cfStartDate>2008-01-01T00:00:00</cfStartDate>
		<cfEndDate>2008-03-31T00:00:00</cfEndDate>
	</cfSrv_Meas>	
</cfMeas>

<!-- Anticipating Snowball vocabulary is available w/ submission system, i.e. uuid validation at submission. -->
</CERIF>